Test_ID,Dataset_Name,Prompt_Type,Description_Source,Description_Text,Related_Profile_JSON,Completeness_Score,Conciseness_Score,Readability_Score,Raw_Scores_JSON,Evaluation_Date,Reference_Description,rouge1_f,rouge2_f,rougeL_f,bertscore_p,bertscore_r,bertscore_f1,coverage_final,coverage_concept,coverage_concept_soft,coverage_keyword,coverage_numbers_combo,coverage_year,coverage_number,coverage_unit,coverage_field,coverage_dimension,penalty_repetition,penalty_hallucinated_numbers,coverage_bertscore_r,concept_thresh,keyword_top_k
Vanilla_AutoDDG-201009,The FluPRINT database,,Vanilla_AutoDDG,"This dataset contains information about immune cell analysis or cytokine profiling from various donors. The data includes demographic information such as donor ID, study ID, gender, and race, as well as visit details like visit year, day, type, age, CMV status, EBV status, BMI, vaccine history, and influenza infection history. Additionally, the dataset contains measurements of immune cell subsets, cytokine levels, and other related data. The semantic profile indicates that the data is primarily used for measurement and aggregation purposes, with some categorization and classification involved. This dataset can be used to analyze immune responses, identify patterns in cytokine profiles, and investigate the effects of vaccines and infections on the immune system.",,9,8,9,"{""completeness"": 9, ""conciseness"": 8, ""readability"": 9}",2025-12-02 20:10:09,"The FluPRINT represents fully integrated and normalized immunology measurements from eight clinical studies taken from 740 individuals undergoing influenza vaccination with inactivated or live attenuated seasonal influenza vaccines from 2007 to 2015 at the Stanford Human Immune Monitoring Center. The FluPRINT dataset contains information on more than 3,000 parameters measured using mass cytometry, flow cytometry, phosphorylation-specific cytometry, multiplex cytokine assays, clinical lab tests (hormones and complete blood count), serological profiling and virological tests. In the dataset, vaccine protection is measured using a hemagglutination inhibition (HAI) assay, and following FDA guidelines individuals are marked as high or low responders depending on the HAI antibody titers after vaccination.",0.2909090909090909,0.0458715596330275,0.1636363636363636,0.2161721438169479,0.1532239317893982,0.1871967166662216,0.2818947863578797,0.0,0.5190296769142151,0.175,0.3333333333333333,0.0,0.0,1.0,1.0,0.75,0.0,0.0,0.1532239317893982,0.7,40
Augmented_AutoDDG-201016,The FluPRINT database,V1_Revised,Augmented_AutoDDG,"This dataset contains immune cell analysis data related to ""Immune Checkpoint Inhibitor (ICI) associated myocarditis"" research. It includes information on the characteristics of T cells involved in this condition, such as their cytotoxic activity and clonal expansion. The dataset also provides insights into the temporal dynamics of immune responses, including changes in transcriptomic profiles over time. This data can be used to investigate the mechanisms underlying ICI-associated myocarditis and to identify potential biomarkers for diagnosis or treatment. The study's findings suggest that T cells involved in this condition exhibit a cytotoxic phenotype initially, followed by a transition to an exhaustion phenotype.","{""summary"": ""This is a research article that explores the immune response in patients with Immune Checkpoint Inhibitor (ICI) associated myocarditis. The study uses single-cell RNA sequencing and clonal analysis to investigate the characteristics of T cells involved in this condition.\n\nHere's a summary of the main findings:\n\n1. **Characterization of T cells**: The study found that T cells involved in ICI-associated myocarditis are predominantly CD8+ (Temra) T cells, which are known for their cytotoxic activity.\n2. **Clonal expansion**: The researchers identified clonally expanded T cell populations in patients with myocarditis, suggesting a specific immune response to the tumor or other antigens.\n3. **Transcriptomic changes over time**: By analyzing peripheral blood mononuclear cells from one patient at early and late time points, the study found that the transcriptomic profile of these expanded T cells changed over time. Initially, they expressed high levels of cytotoxicity markers (e.g., GZMB, KLRK1) and homing-associated chemokine genes (CCL5, CCL4). However, by the late time point, these markers decreased, while T-cell exhaustion markers (e.g., CX3CR1, LAG3) increased.\n4. **Functional interactions**: The researchers used ligand-receptor analysis to investigate functional interactions between the myocarditis-associated T cells and other immune cell types. They found that these T cells interact with other immune cells through cardiotropic chemokines (e.g., CCL5, CCL4), which are involved in recruiting inflammatory cells to the heart.\n\nThe study's findings suggest that:\n\n1. **Early cytotoxic phenotype**: The expanded T cells initially exhibit a cytotoxic phenotype, characterized by high expression of cytotoxicity markers and homing-associated chemokine genes.\n2. **Transition to exhaustion phenotype**: Over time, these cells transition to an exhaustion phenotype, characterized by increased expression of T-cell exhaustion markers and decreased expression of cytotoxicity/homing genes.\n3. **Cardiotropic interactions**: The myocarditis-associated T cells interact with other immune cell types through cardiotropic chemokines, which may contribute to the recruitment of inflammatory cells to the heart.\n\nThese findings provide new insights into the immune mechanisms underlying ICI-associated myocarditis and highlight the importance of understanding the temporal dynamics of immune responses in this condition."", ""dataset_name"": ""The FluPRINT database"", ""source_length"": 40529}",9,8,9,"{""completeness"": 9, ""conciseness"": 8, ""readability"": 9}",2025-12-02 20:10:16,"The FluPRINT represents fully integrated and normalized immunology measurements from eight clinical studies taken from 740 individuals undergoing influenza vaccination with inactivated or live attenuated seasonal influenza vaccines from 2007 to 2015 at the Stanford Human Immune Monitoring Center. The FluPRINT dataset contains information on more than 3,000 parameters measured using mass cytometry, flow cytometry, phosphorylation-specific cytometry, multiplex cytokine assays, clinical lab tests (hormones and complete blood count), serological profiling and virological tests. In the dataset, vaccine protection is measured using a hemagglutination inhibition (HAI) assay, and following FDA guidelines individuals are marked as high or low responders depending on the HAI antibody titers after vaccination.",0.2085308056872037,0.0382775119617224,0.1042654028436018,0.1626770049333572,0.1290452182292938,0.1490662992000579,0.24080904364585876,0.0,0.390695184469223,0.1,0.3333333333333333,0.0,0.0,1.0,1.0,0.5,0.0,0.0,0.1290452182292938,0.7,40
Augmented_AutoDDG-201023,The FluPRINT database,V2_Hybrid,Augmented_AutoDDG,"This dataset contains information related to immune cell analysis and cytokine profiling, specifically focusing on the immune response to immunotherapy (ICI) in patients with myocarditis. The data includes demographic information, medical history, and laboratory results, such as single-cell RNA sequencing transcriptomes of T cells from these patients. The semantic profile indicates that the dataset is primarily used for measurement and aggregation purposes, with a focus on identifying patterns and relationships between different immune cell types and their interactions. This dataset can be used to investigate the complex dynamics of the immune response in patients with myocarditis who have received ICI, including the early cytotoxic phenotype and late exhaustion phenotype of T cells.","{""summary"": ""This is a long and complex scientific article about the immune response to immunotherapy (ICI) in patients with myocarditis. I'll try to summarize the main points:\n\n**Introduction**\n\nThe authors investigate the immune response in patients with myocarditis who have received immunotherapy (ICI). They use single-cell RNA sequencing to analyze the transcriptome of T cells from these patients.\n\n**Results**\n\n1. **Early cytotoxic phenotype**: The authors identify a subset of T cells, known as Temra CD8+ cells, that are expanded and activated in patients with myocarditis. These cells exhibit an early cytotoxic phenotype, characterized by high expression of genes involved in cell killing (e.g., GZMB, KLRK1).\n2. **Late exhaustion phenotype**: However, over time, these same T cells transition to a late exhaustion phenotype, characterized by high expression of genes involved in immune suppression and regulation (e.g., CX3CR1, LAG3).\n3. **Cardiotropic chemokines**: The authors identify cardiotropic chemokines (CCL4, CCL5, CCL4L2) that are highly expressed in the early cytotoxic phenotype of Temra CD8+ cells. These chemokines recruit immune cells to the heart.\n4. **Interactions with other immune cell types**: The authors perform ligand-receptor analysis and find interactions between Temra CD8+ cells and other immune cell types, such as macrophages and dendritic cells.\n\n**Discussion**\n\nThe authors propose that the early cytotoxic phenotype of Temra CD8+ cells is responsible for the inflammation and tissue damage observed in myocarditis. However, over time, these same T cells transition to a late exhaustion phenotype, which may contribute to the resolution of inflammation but also potentially lead to immune suppression and regulatory dysfunction.\n\n**Conclusion**\n\nThe study highlights the complex dynamics of the immune response in patients with myocarditis who have received ICI. The findings suggest that early cytotoxic programs become attenuated over time, while T-cell exhaustion markers increase. The authors propose that cardiotropic chemokines play a key role in recruiting immune cells to the heart and that interactions between Temra CD8+ cells and other immune cell types are critical for understanding the pathophysiology of myocarditis.\n\nOverall, this study provides new insights into the immune response in patients with myocarditis who have received ICI and highlights the importance of understanding the complex dynamics of T-cell activation and exhaustion."", ""dataset_name"": ""The FluPRINT database"", ""source_length"": 40529}",9,8,9,"{""completeness"": 9, ""conciseness"": 8, ""readability"": 9}",2025-12-02 20:10:23,"The FluPRINT represents fully integrated and normalized immunology measurements from eight clinical studies taken from 740 individuals undergoing influenza vaccination with inactivated or live attenuated seasonal influenza vaccines from 2007 to 2015 at the Stanford Human Immune Monitoring Center. The FluPRINT dataset contains information on more than 3,000 parameters measured using mass cytometry, flow cytometry, phosphorylation-specific cytometry, multiplex cytokine assays, clinical lab tests (hormones and complete blood count), serological profiling and virological tests. In the dataset, vaccine protection is measured using a hemagglutination inhibition (HAI) assay, and following FDA guidelines individuals are marked as high or low responders depending on the HAI antibody titers after vaccination.",0.2624434389140271,0.0365296803652968,0.1266968325791855,0.2080010920763015,0.1758922040462494,0.1949944198131561,0.2501784408092499,0.0,0.4527718126773834,0.1,0.3333333333333333,0.0,0.0,1.0,1.0,0.5,0.0,0.0,0.1758922040462494,0.7,40
Vanilla_AutoDDG-201024,CODE-15%: a large scale annotated dataset of 12-lead ECGs,,Vanilla_AutoDDG,"This dataset contains electrocardiogram (ECG) data from various patients, including their age, gender, and unique identifier codes. The ECG data is represented as text values indicating the presence or absence of certain conditions such as RBBB, LBBB, SB, ST, and AF. Each patient's data is associated with a specific exam ID, timey value, and trace file. The dataset can be used for various purposes in healthcare research, including analyzing ECG patterns, predicting age, and identifying patients at risk of certain conditions.",,8,6,7,"{""completeness"": 8, ""conciseness"": 6, ""readability"": 7}",2025-12-02 20:10:24,"A dataset of 12-lead ECGs with annotations. The dataset contains 345,779 exams from 233,770 patients. It was obtained through stratified sampling from the CODE dataset (15% of the patients). The data was collected by the Telehealth Network of Minas Gerais between 2010 and 2016.This repository contains the file `exams.csv` and the files `exams_part{i}.zip` for i = 0, 1, 2, ... 17.`exams.csv` contains the following columns:- ""exam_id"": ID used for identifying the exam- ""age"": patient age in years at the moment of the exam- ""is_male"": true if the patient is male- ""nn_predicted_age"": age predicted by a neural network (as described in the paper ""Deep neural network estimated electrocardiographic-age as a mortality predictor"")- ""1dAVb"": presence of 1st-degree AV block- ""RBBB"": presence of right bundle branch block- ""LBBB"": presence of left bundle branch block'' - ""SB"": presence of sinus bradycardia'' - ""AF"": presence of atrial fibrillation'' - ""ST"": presence of sinus tachycardia'' - ""patient_id"": ID used for identifying the patient'' - ""normal_ecg"": true if the automatic annotation system labels it as normal'' - ""death"": true if the patient dies in the follow-up period (only filled in the first exam per patient)'' - ""timey"": if the patient dies, this is time to death; otherwise, follow-up time (only in first exam per patient)'' - ""trace_file"": identifies the HDF5 file containing the corresponding ECG trace",0.2948717948717949,0.0387096774193548,0.1474358974358974,0.2185711711645126,-0.0362200029194355,0.0809507295489311,0.10692266608277956,0.0,0.5579983592033386,0.25,0.1111111111111111,0.0,0.0,0.3333333333333333,0.0,0.6,0.0,0.0,-0.0362200029194355,0.7,40
Augmented_AutoDDG-201030,CODE-15%: a large scale annotated dataset of 12-lead ECGs,V1_Revised,Augmented_AutoDDG,"This dataset contains electrocardiogram (ECG) data from patients with atrial fibrillation (AF), along with various demographic and clinical information. The key data profile includes exam_id, age, is_male, nn_predicted_age, patient_id, death, timey, normal_ecg, and trace_file, among others. The semantic profile reveals that the dataset represents unique identifiers, measurements, classifications, and temporal data. This dataset can be used for research on AF diagnosis and treatment using machine learning techniques, such as feature selection and classification. A study published in IEEE Transactions on Biomedical Engineering demonstrated an accuracy of 95.6% in classifying AF using a proposed method based on mutual information and support vector machines (SVM).","{""summary"": ""This is a research paper titled \""Feature Selection and Classification of Atrial Fibrillation Using Machine Learning Techniques\"" published in the IEEE Transactions on Biomedical Engineering journal.\n\nThe authors present a study on using machine learning techniques to classify atrial fibrillation (AF) from electrocardiogram (ECG) signals. They propose a feature selection method based on mutual information and a classification algorithm using support vector machines (SVM).\n\nHere's a summary of the paper:\n\n**Background**\n\nAtrial fibrillation is a common cardiac arrhythmia that can lead to stroke, heart failure, and other complications. Accurate diagnosis and treatment of AF are crucial for improving patient outcomes.\n\n**Methodology**\n\nThe authors used the PTB-XL dataset, which contains 21,000 ECG recordings with annotations. They extracted features from the ECG signals using a combination of time-domain and frequency-domain analysis.\n\n**Feature Selection**\n\nThe authors proposed a feature selection method based on mutual information (MI) to select the most relevant features for classification. MI measures the dependence between two variables, in this case, the ECG signal and the AF label.\n\n**Classification**\n\nThe authors used an SVM classifier with a radial basis function (RBF) kernel to classify the ECG signals as either AF or non-AF.\n\n**Results**\n\nThe authors reported an accuracy of 95.6% for classifying AF using their proposed method, which outperformed other machine learning algorithms such as random forest and gradient boosting.\n\n**Conclusion**\n\nThe authors concluded that their feature selection method based on mutual information and SVM classification can accurately classify atrial fibrillation from ECG signals. This study demonstrates the potential of machine learning techniques in improving the diagnosis and treatment of AF.\n\nOverall, this paper presents a novel approach to classifying AF using machine learning techniques and highlights the importance of accurate diagnosis and treatment of AF."", ""dataset_name"": ""CODE-15%: a large scale annotated dataset of 12-lead ECGs"", ""source_length"": 55673}",9,8,9,"{""completeness"": 9, ""conciseness"": 8, ""readability"": 9}",2025-12-02 20:10:30,"A dataset of 12-lead ECGs with annotations. The dataset contains 345,779 exams from 233,770 patients. It was obtained through stratified sampling from the CODE dataset (15% of the patients). The data was collected by the Telehealth Network of Minas Gerais between 2010 and 2016.This repository contains the file `exams.csv` and the files `exams_part{i}.zip` for i = 0, 1, 2, ... 17.`exams.csv` contains the following columns:- ""exam_id"": ID used for identifying the exam- ""age"": patient age in years at the moment of the exam- ""is_male"": true if the patient is male- ""nn_predicted_age"": age predicted by a neural network (as described in the paper ""Deep neural network estimated electrocardiographic-age as a mortality predictor"")- ""1dAVb"": presence of 1st-degree AV block- ""RBBB"": presence of right bundle branch block- ""LBBB"": presence of left bundle branch block'' - ""SB"": presence of sinus bradycardia'' - ""AF"": presence of atrial fibrillation'' - ""ST"": presence of sinus tachycardia'' - ""patient_id"": ID used for identifying the patient'' - ""normal_ecg"": true if the automatic annotation system labels it as normal'' - ""death"": true if the patient dies in the follow-up period (only filled in the first exam per patient)'' - ""timey"": if the patient dies, this is time to death; otherwise, follow-up time (only in first exam per patient)'' - ""trace_file"": identifies the HDF5 file containing the corresponding ECG trace",0.2639296187683284,0.0766961651917404,0.1290322580645161,0.2013105005025863,0.0182936694473028,0.106340117752552,0.09407540055612722,0.0,0.5381976366043091,0.175,0.1111111111111111,0.0,0.0,0.3333333333333333,0.375,0.6,0.0,1.0,0.0182936694473028,0.7,40
Augmented_AutoDDG-201037,CODE-15%: a large scale annotated dataset of 12-lead ECGs,V2_Hybrid,Augmented_AutoDDG,"This dataset contains electrocardiogram (ECG) data from various patients, including their exam IDs, ages, genders, predicted ages, and ECG readings. The data is collected for research purposes to analyze the effectiveness of deep learning techniques in ECG analysis, particularly for atrial fibrillation risk prediction and age estimation. The dataset includes 345779 unique exam IDs and 233770 patient IDs, with coverage spanning from 0 to 4275948.0 for exam IDs and 0 to 1746382.0 for patient IDs. The data is of various types, including integer, float, and text, and has a semantic profile that includes representation of person, gender, unique identifier/code, and temporal data. This dataset can be used for research in ECG analysis, deep learning techniques, and healthcare applications.","{""summary"": ""This is a research paper titled \""Deep Learning for Electrocardiogram Analysis\"" published in the IEEE Transactions on Biomedical Engineering journal. The authors present a comprehensive review of deep learning techniques applied to electrocardiogram (ECG) analysis, including atrial fibrillation risk prediction and age estimation from standard 12-lead ECGs.\n\nHere's a summary of the paper:\n\n**Introduction**\n\nThe authors introduce the importance of ECG analysis in clinical settings, particularly for diagnosing and predicting cardiovascular diseases. They highlight the limitations of traditional machine learning approaches and the need for more advanced techniques to improve accuracy and efficiency.\n\n**Deep Learning Techniques**\n\nThe authors review various deep learning architectures used for ECG analysis, including:\n\n1. Convolutional Neural Networks (CNNs)\n2. Recurrent Neural Networks (RNNs)\n3. Long Short-Term Memory (LSTM) networks\n4. Residual Neural Networks (ResNets)\n\nThey also discuss transfer learning and ensemble methods to improve model performance.\n\n**Applications**\n\nThe authors present several applications of deep learning techniques in ECG analysis:\n\n1. **Atrial Fibrillation Risk Prediction**: They review studies that used deep learning models to predict atrial fibrillation risk from ECG data.\n2. **Age Estimation**: They discuss the use of deep learning models for age estimation from standard 12-lead ECGs.\n\n**Results**\n\nThe authors present a summary of the results from various studies, including:\n\n1. Accuracy and sensitivity of deep learning models for atrial fibrillation risk prediction\n2. Performance of deep learning models for age estimation\n\n**Conclusion**\n\nThe authors conclude that deep learning techniques have shown promising results in ECG analysis, particularly for atrial fibrillation risk prediction and age estimation. They highlight the need for further research to improve model performance and interpretability.\n\n**References**\n\nThe paper includes a comprehensive list of references (31-35) related to ECG analysis and deep learning techniques.\n\nOverall, this paper provides a thorough review of the current state-of-the-art in deep learning applications for ECG analysis, highlighting the potential benefits and limitations of these approaches."", ""dataset_name"": ""CODE-15%: a large scale annotated dataset of 12-lead ECGs"", ""source_length"": 55673}",9,8,9,"{""completeness"": 9, ""conciseness"": 8, ""readability"": 9}",2025-12-02 20:10:37,"A dataset of 12-lead ECGs with annotations. The dataset contains 345,779 exams from 233,770 patients. It was obtained through stratified sampling from the CODE dataset (15% of the patients). The data was collected by the Telehealth Network of Minas Gerais between 2010 and 2016.This repository contains the file `exams.csv` and the files `exams_part{i}.zip` for i = 0, 1, 2, ... 17.`exams.csv` contains the following columns:- ""exam_id"": ID used for identifying the exam- ""age"": patient age in years at the moment of the exam- ""is_male"": true if the patient is male- ""nn_predicted_age"": age predicted by a neural network (as described in the paper ""Deep neural network estimated electrocardiographic-age as a mortality predictor"")- ""1dAVb"": presence of 1st-degree AV block- ""RBBB"": presence of right bundle branch block- ""LBBB"": presence of left bundle branch block'' - ""SB"": presence of sinus bradycardia'' - ""AF"": presence of atrial fibrillation'' - ""ST"": presence of sinus tachycardia'' - ""patient_id"": ID used for identifying the patient'' - ""normal_ecg"": true if the automatic annotation system labels it as normal'' - ""death"": true if the patient dies in the follow-up period (only filled in the first exam per patient)'' - ""timey"": if the patient dies, this is time to death; otherwise, follow-up time (only in first exam per patient)'' - ""trace_file"": identifies the HDF5 file containing the corresponding ECG trace",0.2905982905982906,0.0343839541547277,0.1424501424501424,0.1785290241241455,-0.0072540589608252,0.0819062888622284,0.1493825215411683,0.2,0.6047741174697876,0.2,0.13888888888888887,0.0,0.08333333333333333,0.3333333333333333,0.0,0.8,0.0,0.8,-0.0072540589608252,0.7,40
Vanilla_AutoDDG-201039,T1GDUJA: Glucose dataset of a patient with type 1 diabetes mellitus,,Vanilla_AutoDDG,"This dataset contains temporal data related to Type 1 Diabetes, with a focus on measurement values and time offsets. The dataset includes three columns: date, sgv, and utcOffset. The date column is of type text and represents the date in a specific format, with 41,701 unique values. The sgv column is an integer representing measurement values, with 309 unique values spanning from 0 to 257.0. The utcOffset column is also an integer, but it has only two unique values, indicating time offsets ranging from 0 to 120. This dataset can be used for various applications in Type 1 Diabetes research and analysis, such as identifying patterns in measurement values over time or exploring the relationship between measurement values and time offsets.",,6,8,9,"{""completeness"": 6, ""conciseness"": 8, ""readability"": 9}",2025-12-02 20:10:39,"The data are recorded in a single file entitled glucose_data.csv. This file establishes a Comma Separated Values (CSV) format. The following characteristics can be found in each row of the dataset: date: establishes the moment at which the glucose level was measured. The field is formatted as follows: ""YYYYY-MM-DD HH:MM:SS.ssss"" (UTC time zone). sgv: glucose levels measured in mg/dL. utcOffset: offset in minutes from the time zone where data were collected (Madrid GMT+1 and GMT+2). The dataset contains a total of 41702 samples with an average of 185 samples per day. A summary of the samples per day can be found in the attached image.",0.3025210084033613,0.0338983050847457,0.1596638655462184,0.0827755853533744,0.0547656193375587,0.0723452046513557,0.15990153656592443,0.0,0.5295978784561157,0.2,0.4166666666666667,1.0,0.25,0.0,0.0,1.0,0.01388888888888884,0.8571428571428571,0.0547656193375587,0.7,40
Augmented_AutoDDG-201046,T1GDUJA: Glucose dataset of a patient with type 1 diabetes mellitus,V1_Revised,Augmented_AutoDDG,"This dataset contains temporal data related to Type 1 Diabetes, specifically continuous glucose monitoring (CGM) readings from a diabetic patient. The data includes measurements of glucose levels (sgv), represented as integers, and corresponding timestamps in date format. Each record also includes the UTC offset, indicating the time zone difference. With 41701 unique dates and 309 unique sgv values, this dataset provides a comprehensive view of the patient's glucose fluctuations over time. The data is suitable for research on linguistic summarization of CGM data and can be used to develop expert-guided systems for analyzing and interpreting glucose monitoring data.","{""summary"": ""This appears to be a research paper on developing an expert-guided system for linguistic summarization of continuous glucose monitoring data. The authors present their methodology and results from testing the system on a dataset from a diabetic patient.\n\nHere's a summary of the main points:\n\n**Methodology:**\n\n1. **Data Preprocessing:** The raw data is preprocessed using a segmentation algorithm to identify patterns in the data.\n2. **Protoform Generation:** Protoforms are generated based on the segmented data, which represent specific events or patterns in the data.\n3. **Linguistic Summarization:** A linguistic summarization approach is used to generate natural language summaries from the protoforms.\n\n**Results:**\n\n1. **Experimental Results:** The system was tested on a dataset from a diabetic patient and produced 34 protoforms, which were then evaluated using a quality framework.\n2. **Evaluation Metrics:** The Degree of Usefulness (DoU) metric was used to evaluate the generated linguistic summaries, with an overall DoU of around 0.73.\n3. **Survey Results:** A survey was conducted among diabetic patients, their relatives, and healthcare professionals to assess the usability and effectiveness of the system.\n\n**Discussion and Limitations:**\n\n1. **Viability and Validity:** The results demonstrate the viability and validity of the developed proposal in its preliminary stage.\n2. **Limitations:** The study has some limitations, including the use of unlabeled data and the lack of causality understanding among survey respondents.\n\nSome potential questions or areas for further research based on this paper include:\n\n* How can the system be improved to better capture complex patterns in the data?\n* Can the system be adapted for use with other types of data, such as medical imaging or sensor data?\n* How can the system be integrated into clinical practice to improve patient outcomes?\n\nOverall, this paper presents a promising approach to linguistic summarization of continuous glucose monitoring data and highlights the potential benefits of using natural language processing techniques in healthcare."", ""dataset_name"": ""T1GDUJA: Glucose dataset of a patient with type 1 diabetes mellitus"", ""source_length"": 44708}",8,9,9,"{""completeness"": 8, ""conciseness"": 9, ""readability"": 9}",2025-12-02 20:10:46,"The data are recorded in a single file entitled glucose_data.csv. This file establishes a Comma Separated Values (CSV) format. The following characteristics can be found in each row of the dataset: date: establishes the moment at which the glucose level was measured. The field is formatted as follows: ""YYYYY-MM-DD HH:MM:SS.ssss"" (UTC time zone). sgv: glucose levels measured in mg/dL. utcOffset: offset in minutes from the time zone where data were collected (Madrid GMT+1 and GMT+2). The dataset contains a total of 41702 samples with an average of 185 samples per day. A summary of the samples per day can be found in the attached image.",0.3906976744186046,0.0657276995305164,0.1860465116279069,0.2101522535085678,0.1125875487923622,0.1628294885158538,0.2754341764251391,0.25,0.5634380578994751,0.325,0.4166666666666667,1.0,0.25,0.0,0.0,1.0,0.0,0.6666666666666666,0.1125875487923622,0.7,40
Augmented_AutoDDG-201053,T1GDUJA: Glucose dataset of a patient with type 1 diabetes mellitus,V2_Hybrid,Augmented_AutoDDG,"This dataset contains continuous glucose monitoring data for patients with Type 1 Diabetes. The data includes temporal information, with each row representing a measurement at a specific date and time. The measurements are represented by the 'sgv' column, which contains integer values ranging from 0 to 257.0. The 'utcOffset' column indicates the time zone offset in hours. This dataset can be used for various applications, such as developing predictive models or generating natural language summaries of glucose levels. It has been used in a research paper on an expert-guided system for generating summaries from continuous glucose monitoring data.","{""summary"": ""This appears to be a research paper on a system for generating natural language summaries from continuous glucose monitoring data. Here's a summary of the main points:\n\n**Introduction**\n\nThe authors propose an expert-guided system for generating natural language summaries from continuous glucose monitoring data. The system uses fuzzy logic and machine learning techniques to identify patterns in the data and generate protoforms, which are then evaluated based on their degree of truth (DoT).\n\n**Methodology**\n\n1. **Data Preprocessing**: The raw data is preprocessed using a segmentation algorithm to eliminate redundancies and preserve the fundamental shape of the time series.\n2. **Protoform Generation**: Protoforms are generated by applying fuzzy logic rules to identify patterns in the data, such as glucose level ranges, day intervals, and quantifiers (e.g., \""many\"" or \""most\"").\n3. **Evaluation**: The protoforms are evaluated based on their DoT, which is calculated using a formula that takes into account the membership degrees of the summarizer and quantifier.\n4. **Linguistic Summary Generation**: The protoforms with a high enough DoT (\u2265 0.7) are used to generate natural language summaries.\n\n**Experimental Results**\n\nThe authors tested their system on a dataset from a diabetic patient, which consisted of 226 days of continuous glucose monitoring data. They found that:\n\n* Around 89% of possible protoforms were activated.\n* Approximately 60% of protoforms were finally evaluated by the system.\n* The system was able to capture various data patterns at a time.\n\n**Evaluation**\n\nThe authors conducted an evaluation of their system using the Degree of Usefulness (DoU) metric, which measures the utility of the generated sentences from the viewpoint of the target users. They found that:\n\n* The overall DoU obtained from survey respondents was around 0.73.\n* The results for every group of target users were positive, with some presenting little variation.\n\n**Discussion and Limitations**\n\nThe authors discuss the limitations of their system, including:\n\n* The need for labeled data to improve causality understanding.\n* The potential for overfitting or underfitting in the machine learning models.\n* The requirement for expert guidance in setting up the system.\n\nOverall, this research paper presents a novel approach to generating natural language summaries from continuous glucose monitoring data using fuzzy logic and machine learning techniques. While there are limitations to the system, the results suggest that it has potential as a tool for healthcare professionals and patients with diabetes."", ""dataset_name"": ""T1GDUJA: Glucose dataset of a patient with type 1 diabetes mellitus"", ""source_length"": 44708}",8,9,9,"{""completeness"": 8, ""conciseness"": 9, ""readability"": 9}",2025-12-02 20:10:53,"The data are recorded in a single file entitled glucose_data.csv. This file establishes a Comma Separated Values (CSV) format. The following characteristics can be found in each row of the dataset: date: establishes the moment at which the glucose level was measured. The field is formatted as follows: ""YYYYY-MM-DD HH:MM:SS.ssss"" (UTC time zone). sgv: glucose levels measured in mg/dL. utcOffset: offset in minutes from the time zone where data were collected (Madrid GMT+1 and GMT+2). The dataset contains a total of 41702 samples with an average of 185 samples per day. A summary of the samples per day can be found in the attached image.",0.427906976744186,0.0938967136150234,0.1674418604651162,0.2227544039487838,0.1503587812185287,0.1887968778610229,0.24548842291037243,0.125,0.5323794484138489,0.325,0.4166666666666667,1.0,0.25,0.0,0.0,1.0,0.0,0.6666666666666666,0.1503587812185287,0.7,40
Vanilla_AutoDDG-201057,A comprehensive database of expert-curated occurrences for the genus Carex L. (Cyperaceae),,Vanilla_AutoDDG,"This dataset contains information about the distribution of Carex species, including their scientific names, original names, infraspecific information, authorities, revised names, and revised infraspecific information. The data is sourced from various sources, including literature references, and includes temporal and spatial data such as latitude, longitude, day, month, year, TDWG3 region, and TDWG1 name. The dataset also contains information about the collectors, institutions, and collections involved in the data gathering process. This dataset can be used for research on Carex species distribution, ecology, and conservation, as well as for understanding the taxonomy and classification of these plants.  The dataset has a total of 384067 records, with each record containing various attributes such as identifier, source, link, basis of record, scientific name, original name, infraspecific information, authority, revised name, revised infraspecific information, revised authority, synonym resolved, latitude, longitude, day, month, year, TDWG3 region, TDWG1 name, institution code, collection code, GBIF occurrence ID, main collector, other collectors, collector code, curation change, contributor, and incidences.  The semantic profile of the dataset columns reveals that it contains a mix of identifier, source, literature reference, scientific entity, plant, name entity, temporal entity, spatial data, location, organization, unique identifier, measurement, and person attributes. The dataset can be used for various purposes such as understanding the distribution patterns of Carex species, identifying areas with high conservation value, and informing management decisions related to these plants.  The dataset's coverage spans from 0 to 377764.0 for record ID, 0 to 3043013609.0 for GBIF occurrence ID, and includes various temporal data such as day (0-31), month (0-8), and year. The spatial data includes latitude (0-69.7339) and longitude (-131.457778 to 174.1583).",,9,6,8,"{""completeness"": 9, ""conciseness"": 6, ""readability"": 8}",2025-12-02 20:10:57,"This dataset collection comprises three .csv files with records for the genus Carex L. It includes a manually georeferenced dataset based on herbarium specimens and systematic literature (manually_georeferenced_dataset.csv), a raw dataset from GBIF and Tropicos after initial quality control (gbif_t_raw_dataset.csv), and an expert-curated version that corrects taxonomic misidentifications, removes duplicates, and improves georeferencing accuracy (ecd_dataset_v1.0.0.csv). The data may be used for bioclimatic and (macro-)evolutionary analyses that require highly accurate geographic information. We suggest utilizing the flagged occurrences to assess the reliability or native status of any new records added to GBIF after downloading our dataset (see the curation_change column).",0.2448979591836734,0.0256410256410256,0.1377551020408163,0.0078191608190536,0.0636481046676635,0.0388964563608169,0.1951638314598485,0.0,0.5664774775505066,0.225,0.6666666666666666,1.0,0.0,1.0,0.0,1.0,0.02631578947368418,1.0,0.0636481046676635,0.7,40
Augmented_AutoDDG-201106,A comprehensive database of expert-curated occurrences for the genus Carex L. (Cyperaceae),V1_Revised,Augmented_AutoDDG,"This dataset contains information on Carex species distribution, including their scientific names, original names, infraspecific information, authorities, revised names, and revised infraspecific information. The data is sourced from various sources, including literature references, online databases, and institutional collections. It includes spatial and temporal data, such as latitude and longitude coordinates, day, month, and year of collection, as well as TDWG region and institution codes. This dataset can be used to study the biogeography and evolution of Carex species, and to investigate their distribution patterns across different regions.  The semantic profile of this dataset indicates that it contains a mix of scientific and descriptive information, with some fields representing identifiers, sources, and locations, while others represent temporal entities or measurements. The data is primarily used for aggregation and measurement purposes, with some fields serving as unique identifiers or keys.  This dataset can be utilized to investigate the evolutionary history and biogeography of Carex species in South America, including their ancestral areas of origin, anagenetic dispersal events, and changes in climate that may have influenced their distribution. The data can also be used to reconstruct the ancestral bioclimatic niches for each group and to discuss the findings in the context of the evolutionary history and biogeography of Carex in South America.  The dataset's coverage spans from 0 to 377764, with a total of 384067 unique record IDs. The data includes information on 3102 unique scientific names, 1781 original names, and 748 authorities. The TDWG region field contains 276 unique values, while the institution code field has 792 unique values.  The dataset's topic is Carex species distribution, and it can be used for various purposes such as studying the biogeography and evolution of Carex species, investigating their distribution patterns across different regions, and reconstructing ancestral bioclimatic niches.","{""summary"": ""This is a lengthy text that appears to be a scientific paper on the biogeography of two groups of Carex (a genus of sedges) in South America. I'll try to summarize the main points:\n\n**Introduction**\n\nThe authors investigate the evolutionary history and biogeography of two groups of Carex: the C. phalaroides group and sect. Bracteosellae.\n\n**Phylogenetic analysis**\n\nThe authors use phylogenetic methods (maximum likelihood, Bayesian inference) to reconstruct the relationships among species within each group. They find that both groups are monophyletic and have distinct evolutionary histories.\n\n**Biogeographic analysis**\n\nThe authors use several biogeographic methods (BioGeoBEARS, RevBayes) to infer the ancestral areas of origin for each group. They find that:\n\n* The C. phalaroides group originated in a wide area that included the Atlantic region (A), Pampa region (P), and central Andes (C).\n* Sect. Bracteosellae also originated in a widespread area, but with lower proportions of ancestral areas.\n* Both groups show high levels of anagenetic dispersal events (i.e., range expansion) throughout their evolutionary history.\n\n**Bioclimatic niche analysis**\n\nThe authors use principal component analysis to investigate the bioclimatic niches of the C. phalaroides group. They find that the first two principal components explain 80% of the variance, with PC1 explaining 54% and PC2 explaining 26.3%.\n\n**Ancestral niche reconstruction**\n\nUsing RevBayes, the authors reconstruct the ancestral bioclimatic niches for each group. They find that both groups have similar ancestral niches, but with some differences in the proportions of variables.\n\n**Discussion**\n\nThe authors discuss their findings in the context of the evolutionary history and biogeography of Carex in South America. They highlight the importance of anagenetic dispersal events in shaping the distribution of these species and suggest that changes in climate may have played a role in their evolution.\n\nSome specific points from the text include:\n\n* The C. phalaroides group shows high levels of cladogenetic vicariance events, which are inferred to have occurred due to fragmentation of areas including the Atlantic region.\n* Sect. Bracteosellae has a higher proportion of sympatric speciation events than anagenetic dispersal events.\n* Both groups show evidence of range expansion and contraction throughout their evolutionary history.\n\nOverall, this paper provides insights into the biogeography and evolution of two groups of Carex in South America, highlighting the importance of anagenetic dispersal events and changes in climate in shaping their distribution."", ""dataset_name"": ""A comprehensive database of expert-curated occurrences for the genus Carex L. (Cyperaceae)"", ""source_length"": 58610}",9,8,9,"{""completeness"": 9, ""conciseness"": 8, ""readability"": 9}",2025-12-02 20:11:06,"This dataset collection comprises three .csv files with records for the genus Carex L. It includes a manually georeferenced dataset based on herbarium specimens and systematic literature (manually_georeferenced_dataset.csv), a raw dataset from GBIF and Tropicos after initial quality control (gbif_t_raw_dataset.csv), and an expert-curated version that corrects taxonomic misidentifications, removes duplicates, and improves georeferencing accuracy (ecd_dataset_v1.0.0.csv). The data may be used for bioclimatic and (macro-)evolutionary analyses that require highly accurate geographic information. We suggest utilizing the flagged occurrences to assess the reliability or native status of any new records added to GBIF after downloading our dataset (see the curation_change column).",0.224390243902439,0.0245098039215686,0.1268292682926829,0.0269210394471883,0.0387728512287139,0.0366991087794303,0.18674446923564175,0.0,0.5362017154693604,0.2,0.6666666666666666,1.0,0.0,1.0,0.0,1.0,0.02020202020202022,1.0,0.0387728512287139,0.7,40
Augmented_AutoDDG-201113,A comprehensive database of expert-curated occurrences for the genus Carex L. (Cyperaceae),V2_Hybrid,Augmented_AutoDDG,"This dataset contains information on Carex species distribution, including their scientific names, original names, infraspecific information, authorities, revised names, and geographic locations. The data is sourced from various sources, including literature references, online databases, and institutional collections. It includes spatial and temporal data, such as latitude and longitude coordinates, day, month, and year of collection. The dataset can be used to study the biogeography and ecology of Carex species, understand their evolutionary history, and inform conservation efforts.","{""summary"": ""This is a long and complex text that appears to be a scientific paper on the biogeography of two groups of plants, specifically Carex species in South America. I'll try to break down the main points and provide a summary.\n\n**Introduction**\n\nThe paper aims to reconstruct the evolutionary history of two groups of Carex species in South America using phylogenetic and biogeographic analysis. The authors used multiple methods, including Bayesian inference, stochastic mapping, and ancestral area reconstruction, to infer the relationships between species and their geographic distributions.\n\n**Methods**\n\nThe authors used a combination of molecular data (DNA sequences) and morphological data to reconstruct the phylogeny of the two groups of Carex species. They also used biogeographic analysis to infer the evolutionary history of the species and their geographic distributions.\n\n**Results**\n\nThe results are presented in several sections:\n\n1. **Phylogenetic analysis**: The authors reconstructed the phylogeny of the two groups of Carex species using Bayesian inference and stochastic mapping.\n2. **Ancestral area reconstruction**: The authors used ancestral area reconstruction to infer the geographic origins of the species and their dispersal patterns.\n3. **Bioclimatic niche and ancestral niche reconstruction**: The authors used principal component analysis (PCA) to reconstruct the bioclimatic niches of the species and inferred their ancestral niches.\n\n**Key findings**\n\n1. **Phylogenetic relationships**: The authors found that the two groups of Carex species are not monophyletic, with some species belonging to one group and others to another.\n2. **Ancestral area reconstruction**: The authors inferred that both groups of Carex species originated in South America, but their dispersal patterns were different. One group dispersed from the Atlantic region to the central Andes, while the other group dispersed from the Pampa region to the northern Andes.\n3. **Bioclimatic niche and ancestral niche reconstruction**: The authors found that both groups of Carex species have similar bioclimatic niches, but their ancestral niches were different.\n\n**Discussion**\n\nThe authors discuss the implications of their findings for our understanding of the evolutionary history of Carex species in South America. They also highlight the importance of considering multiple lines of evidence (phylogenetic, biogeographic, and ecological) to reconstruct the evolutionary history of organisms.\n\n**Conclusion**\n\nThe paper concludes that the two groups of Carex species have distinct evolutionary histories, with different dispersal patterns and ancestral niches. The authors emphasize the importance of continued research on the biogeography of Carex species in South America to better understand their evolution and ecology.\n\nOverall, this paper provides a comprehensive analysis of the biogeography of two groups of Carex species in South America, using multiple methods and lines of evidence."", ""dataset_name"": ""A comprehensive database of expert-curated occurrences for the genus Carex L. (Cyperaceae)"", ""source_length"": 58610}",9,8,9,"{""completeness"": 9, ""conciseness"": 8, ""readability"": 9}",2025-12-02 20:11:13,"This dataset collection comprises three .csv files with records for the genus Carex L. It includes a manually georeferenced dataset based on herbarium specimens and systematic literature (manually_georeferenced_dataset.csv), a raw dataset from GBIF and Tropicos after initial quality control (gbif_t_raw_dataset.csv), and an expert-curated version that corrects taxonomic misidentifications, removes duplicates, and improves georeferencing accuracy (ecd_dataset_v1.0.0.csv). The data may be used for bioclimatic and (macro-)evolutionary analyses that require highly accurate geographic information. We suggest utilizing the flagged occurrences to assess the reliability or native status of any new records added to GBIF after downloading our dataset (see the curation_change column).",0.2722513089005236,0.0423280423280423,0.1570680628272251,0.2410941570997238,0.0091748498380184,0.1174820810556411,0.19100163663427033,0.0,0.5211357474327087,0.15,0.6666666666666666,1.0,0.0,1.0,0.0,0.6666666666666666,0.0,0.0,0.0091748498380184,0.7,40
Vanilla_AutoDDG-201115,TetrapodTraits Database,,Vanilla_AutoDDG,"This dataset contains information about various species of snakes and birds, including their taxonomic classifications, habitats, and geographic distributions. The data includes measurements such as body length, weight, and elevation, as well as temporal and spatial data related to climate, precipitation, and human population density. The semantic profile indicates that the data is primarily used for classification, measurement, and aggregation purposes, with some columns representing entities, locations, or measures. This dataset can be used for research in avian taxonomy, conservation biology, and ecology, particularly in the context of Neotropical bird species and their habitats.",,9,8,9,"{""completeness"": 9, ""conciseness"": 8, ""readability"": 9}",2025-12-02 20:11:15,"TetrapodTraits_1.0.0.csv – the complete TetrapodTraits database, with missing data entries in natural history traits (body length, body mass, activity time, and microhabitat) replaced by the average across the 10K imputed values obtained through phylogenetic multiple imputation. Please note that imputed microhabitat (attribute fields: Fos, Ter, Aqu, Arb, Aer) and imputed activity time (attribute fields: Diu, Noc) are continuous variables within the 0-1 range interval. At the user's discretion, the types of microhabitat and activity time can be transformed into binary variables using a predefined threshold (e.g., 0.50), although we recommend utilizing the original imputed values.",0.173469387755102,0.0206185567010309,0.1326530612244897,0.09296465665102,-0.0578943714499473,0.0162997487932443,0.1663377923766772,0.0,0.276623398065567,0.075,0.6666666666666666,1.0,0.0,1.0,0.0,0.6666666666666666,0.0,0.0,-0.0578943714499473,0.7,40
Augmented_AutoDDG-201123,TetrapodTraits Database,V1_Revised,Augmented_AutoDDG,"This dataset contains species-level attributes related to taxonomy, body size, activity time, microhabitat, macrohabitat, ecosystem, geography, environmental preferences, and threat status of tetrapod species. The data was compiled from over 3,300 references using multiple imputation techniques to fill in missing values. The TetrapodTraits database is a valuable resource for researchers studying tetrapods, with high accuracy rates for body mass, body length, activity time, and microhabitat. The dataset can be used for various research purposes, including the study of avian taxonomy, reptile ecology, and conservation biology.  The semantic profile of this dataset reveals that it contains a wide range of attributes related to tetrapod species, including their taxonomy, body size, activity patterns, habitat preferences, and geographic distribution. The data is organized in a way that facilitates analysis and comparison across different species and attributes. This dataset can be used for various research purposes, such as identifying patterns of shared missing data, assessing the accuracy of imputed values, and investigating the impacts of proportion of missing data on model performance.  The TetrapodTraits database has been developed using multiple imputation techniques to fill in missing values, which is a valuable resource for researchers studying tetrapods. The dataset can be used for various research purposes, including the study of avian taxonomy, reptile ecology, and conservation biology.","{""summary"": ""This text appears to be a research article on the development of a database called TetrapodTraits, which contains information on species-level attributes related to taxonomy, body size, activity time, microhabitat, macrohabitat, ecosystem, geography, environmental preferences, and threat status of tetrapod species. The article discusses various methods used to compile this data, including the use of multiple imputation techniques to fill in missing values.\n\nHere are some key points from the text:\n\n1. **Data compilation**: The authors compiled data from over 3,300 references, including previously published databases, articles, books, grey literature, and websites.\n2. **Multiple imputation**: The authors used a multiple imputation technique called phylogenetic multiple imputation (PMMI) to fill in missing values.\n3. **Data quality**: The authors assessed the accuracy of their imputed data using various metrics, including Pearson correlation coefficients, regression slopes, normalized root mean square errors (NRMSE), and accuracy measures for binary categories.\n4. **Patterns of shared missing data**: The authors used a \""checkerboard score\"" to assess patterns of shared missing data across species.\n5. **Inclusion of imputed values**: The authors calculated the relative change in attribute properties after including imputed values, using metrics such as geometric mean and mean scores for binary attributes.\n\nThe results of this study suggest that the TetrapodTraits database is a valuable resource for researchers studying tetrapods, with high accuracy rates for body mass, body length, activity time, and microhabitat. The authors also note that their imputation framework demonstrated a remarkably close match in attribute properties between observed and imputed data.\n\nSome potential limitations of this study include:\n\n1. **Data quality**: The authors acknowledge that the quality of the original data may be variable, which could impact the accuracy of their imputed values.\n2. **Patterns of shared missing data**: The authors note that patterns of shared missing data may arise due to estimation errors rather than unsampled fractions of the attribute space.\n3. **Mechanisms of data missingness**: The authors recognize that this study does not comprehensively investigate the impacts of proportion of missing data and degree of shared missingness on model performance.\n\nOverall, this article provides a useful overview of the development and validation of the TetrapodTraits database, which is an important resource for researchers studying tetrapods."", ""dataset_name"": ""TetrapodTraits Database"", ""source_length"": 44312}",9,8,9,"{""completeness"": 9, ""conciseness"": 8, ""readability"": 9}",2025-12-02 20:11:23,"TetrapodTraits_1.0.0.csv – the complete TetrapodTraits database, with missing data entries in natural history traits (body length, body mass, activity time, and microhabitat) replaced by the average across the 10K imputed values obtained through phylogenetic multiple imputation. Please note that imputed microhabitat (attribute fields: Fos, Ter, Aqu, Arb, Aer) and imputed activity time (attribute fields: Diu, Noc) are continuous variables within the 0-1 range interval. At the user's discretion, the types of microhabitat and activity time can be transformed into binary variables using a predefined threshold (e.g., 0.50), although we recommend utilizing the original imputed values.",0.2784810126582278,0.0700636942675159,0.1455696202531645,0.026030596345663,0.066385269165039,0.0496699623763561,0.30917983161078555,0.3333333333333333,0.44164445996284485,0.35,0.6666666666666666,1.0,0.0,1.0,0.0,1.0,0.13194444444444442,1.0,0.066385269165039,0.7,40
Augmented_AutoDDG-201131,TetrapodTraits Database,V2_Hybrid,Augmented_AutoDDG,"This dataset is part of the TetrapodTraits database, which contains information on various attributes related to tetrapod species. The data was compiled from over 3,300 references and includes previously published databases, articles, books, grey literature, and websites. Missing values were handled using a combination of methods, including removing species with high levels of missing data and imputing values using phylogenetic multiple imputation (PMMI). The dataset covers taxonomy, body size, activity time, microhabitat, macrohabitat, ecosystem, geography, environmental preferences, and threat status. It can be used for conservation biology, ecological research, and evolutionary biology studies.  The TetrapodTraits database offers insights into various attributes related to tetrapod species, including taxonomy, body size, activity time, microhabitat, macrohabitat, ecosystem, geography, environmental preferences, and threat status. The dataset is a valuable resource for researchers interested in understanding the diversity and ecology of tetrapods.  The semantic profile of this dataset indicates that it contains spatial data (resolution: Country/Region), temporal data (resolution: Year), and numeric measurements. It also includes classification/description information from organizations and geographic entities. The dataset can be used to study ecological patterns and processes at various spatial scales, from local communities to global biogeography.  The research literature provides context about the development of this database, including methods for handling missing data and imputing values using phylogenetic multiple imputation (PMMI). The authors' imputation framework demonstrated high overall effectiveness across all tetrapods, particularly for body mass and body length.","{""summary"": ""This text appears to be a research article on the development of a database called TetrapodTraits, which contains information on various attributes related to tetrapod species. The authors describe their methods for handling missing data and imputing values using phylogenetic multiple imputation.\n\nHere's a summary of the main points:\n\n1. **Data acquisition**: The authors compiled data from over 3,300 references, including previously published databases, articles, books, grey literature, and websites.\n2. **Handling missing data**: They used a combination of methods to handle missing data, including:\n\t* Removing species with high levels of missing data\n\t* Imputing values using phylogenetic multiple imputation (PMMI)\n3. **Phylogenetic multiple imputation (PMMI)**: The authors developed an R package called mixgb to perform PMMI. They used 100 fully sampled phylogenetic trees and 10-fold cross-validation to produce 10,000 imputed values for each missing data entry.\n4. **Evaluation of imputation performance**: The authors evaluated the accuracy of their imputation framework using metrics such as Pearson correlation coefficient, regression slope, normalized root mean square error (NRMSE), and accuracy.\n5. **Patterns of shared missing data**: They used the \""checkerboard score\"" to assess co-occurrence patterns in missing data across species.\n6. **Effects of imputed values on attribute properties**: The authors calculated the relative change in attribute properties per genus, family, and assemblage after adding imputed values.\n\nThe results show that the TetrapodTraits database offers insights into various attributes related to tetrapod species, including taxonomy, body size, activity time, microhabitat, macrohabitat, ecosystem, geography, environmental preferences, and threat status. The authors' imputation framework demonstrated high overall effectiveness across all tetrapods, particularly for body mass and body length.\n\nSome potential applications of the TetrapodTraits database include:\n\n* **Conservation biology**: The database can provide valuable information on species-level attributes related to conservation, such as extinction risk, population trends, and habitat preferences.\n* **Ecological research**: The database can be used to study ecological patterns and processes at various spatial scales, from local communities to global biogeography.\n* **Evolutionary biology**: The database can provide insights into the evolution of tetrapod traits, including body size, activity time, and microhabitat preferences.\n\nOverall, the TetrapodTraits database is a valuable resource for researchers interested in understanding the diversity and ecology of tetrapods."", ""dataset_name"": ""TetrapodTraits Database"", ""source_length"": 44312}",9,8,9,"{""completeness"": 9, ""conciseness"": 8, ""readability"": 9}",2025-12-02 20:11:31,"TetrapodTraits_1.0.0.csv – the complete TetrapodTraits database, with missing data entries in natural history traits (body length, body mass, activity time, and microhabitat) replaced by the average across the 10K imputed values obtained through phylogenetic multiple imputation. Please note that imputed microhabitat (attribute fields: Fos, Ter, Aqu, Arb, Aer) and imputed activity time (attribute fields: Diu, Noc) are continuous variables within the 0-1 range interval. At the user's discretion, the types of microhabitat and activity time can be transformed into binary variables using a predefined threshold (e.g., 0.50), although we recommend utilizing the original imputed values.",0.2789317507418398,0.0776119402985074,0.1602373887240356,0.0496103502810001,0.099868543446064,0.0778993442654609,0.31363388832993133,0.3333333333333333,0.4551730453968048,0.325,0.6666666666666666,1.0,0.0,1.0,0.0,1.0,0.10179640718562877,1.0,0.099868543446064,0.7,40
Vanilla_AutoDDG-201134,leafnp_data,,Vanilla_AutoDDG,"This dataset contains plant species attributes with various measurements and classifications. The dataset includes spatial data such as longitude (lon) and latitude (lat), which represent the location of the plants. It also includes temporal data like year start, year end, month start, and month end, indicating the time period for each measurement. Other attributes include leaf nitrogen (leafN), leaf phosphorus (leafP), and plant families (Family_New). The dataset can be used to analyze forest ecology, biodiversity, and ecosystem attributes, providing insights into plant species characteristics and their environments.  This dataset is suitable for researchers and scientists studying plant biology, ecology, and environmental science. It can be used to investigate the relationships between plant species and their habitats, as well as to develop models predicting plant growth and development based on environmental factors.",,9,8,9,"{""completeness"": 9, ""conciseness"": 8, ""readability"": 9}",2025-12-02 20:11:34,"This repository contains the leaf Nmass, Pmass, and N:P data (data/leafnp_tian_et_al.csv), based on Tian et al. (2019), complemented by environmental covariates. The code for complementing the original data by Tian et al. (2019) is contained in this repository and is used for the analysis and modelling for the article Tian et al. (in prep.). Code for the data analysis and modelling is contained in a separate repository leafnp.",0.233009708737864,0.0098039215686274,0.145631067961165,0.0346889980137348,0.0129834804683923,0.0276546999812126,0.16859669609367847,0.0,0.3289925158023834,0.24,0.3333333333333333,0.0,0.0,1.0,0.0,0.8,0.0,0.0,0.0129834804683923,0.7,40
Augmented_AutoDDG-201140,leafnp_data,V1_Revised,Augmented_AutoDDG,"This dataset contains plant species attributes with various measurements, including spatial data, temporal data, and domain-specific types. The semantic profile indicates that the dataset includes spatial location, measurement, aggregation key, classification/tagging, and primary key functions. It appears to be related to forest ecology, tree characteristics, biodiversity data, ecosystem attributes, and plant nutrient stoichiometry. Research literature suggests that this dataset can be used to study the impacts of climate change on plant community composition and function, as well as biogeochemical cycling and nutrient limitation in terrestrial ecosystems. The dataset may also provide insights into intraspecific trait variation and its role in shaping ecosystem responses to global change.","{""summary"": ""This is a long list of references to scientific articles related to plant ecology, biogeochemistry, and global change biology. The references cover a wide range of topics, including:\n\n1. Plant nutrient stoichiometry and its response to environmental changes\n2. Effects of nitrogen deposition on forest ecosystems\n3. Impacts of climate change on plant community composition and function\n4. Intraspecific trait variation and its role in shaping ecosystem responses to global change\n5. Biogeochemical cycling and nutrient limitation in terrestrial ecosystems\n\nHere are some key findings and insights from the references:\n\n1. **Plant nutrient stoichiometry is a key driver of ecosystem processes**: Studies have shown that changes in plant nutrient stoichiometry can have significant impacts on ecosystem function, including carbon sequestration, water use efficiency, and nutrient cycling.\n2. **Nitrogen deposition has far-reaching consequences for forest ecosystems**: Excess nitrogen can lead to changes in plant community composition, increased soil acidification, and altered biogeochemical cycles.\n3. **Climate change is altering plant community composition and function**: Rising temperatures and changing precipitation patterns are leading to shifts in plant species composition, changes in phenology, and impacts on ecosystem processes such as carbon sequestration and nutrient cycling.\n4. **Intraspecific trait variation is a key feature of high Arctic plant communities**: Studies have shown that intraspecific trait variation can play a crucial role in shaping the responses of plant communities to climate change.\n5. **Biogeochemical cycling is critical for understanding ecosystem function**: Nutrient limitation, nutrient cycling, and biogeochemical processes are all important components of ecosystem function, and changes in these processes can have significant impacts on ecosystem health.\n\nSome notable authors and researchers mentioned in the references include:\n\n1. J. Pe\u00f1uelas\n2. J. Sardans\n3. P.B. Reich\n4. E.A. Ainsworth\n5. S.P. Long\n\nThe references also highlight the importance of considering multiple factors, including climate change, nitrogen deposition, and biogeochemical cycling, when studying ecosystem responses to global change."", ""dataset_name"": ""leafnp_data"", ""source_length"": 65008}",9,8,9,"{""completeness"": 9, ""conciseness"": 8, ""readability"": 9}",2025-12-02 20:11:40,"This repository contains the leaf Nmass, Pmass, and N:P data (data/leafnp_tian_et_al.csv), based on Tian et al. (2019), complemented by environmental covariates. The code for complementing the original data by Tian et al. (2019) is contained in this repository and is used for the analysis and modelling for the article Tian et al. (in prep.). Code for the data analysis and modelling is contained in a separate repository leafnp.",0.1978021978021978,0.0,0.1648351648351648,0.0215233583003282,-0.0483698323369026,-0.0104897264391183,0.11832603353261947,0.0,0.324699729681015,0.12,0.3333333333333333,0.0,0.0,1.0,0.0,0.6,0.0,0.0,-0.0483698323369026,0.7,40
Augmented_AutoDDG-201145,leafnp_data,V2_Hybrid,Augmented_AutoDDG,"This dataset contains plant species with various attributes, including spatial and temporal data, measurements of physical and chemical properties, and classification/filtration information. The semantic profile indicates that the dataset includes spatial location, measurement, and aggregation key data, as well as domain-specific types such as general, numeric, and physical measure. This dataset can be used for research on plant species, forest ecology, tree characteristics, biodiversity data, and ecosystem attributes. Insights from related research suggest that this dataset may provide valuable information on the relationships between nutrient availability, environmental change, and ecosystem function, but further analysis is needed to confirm these findings.","{""summary"": ""This appears to be a list of references for a research paper on the topic of ecological stoichiometry, which is the study of the relationships between the amounts of different elements in living organisms and their environments. The references are from various scientific journals and cover topics such as:\n\n* The effects of nitrogen addition on plant photosynthesis and growth\n* The impact of climate change on nutrient cycling and stoichiometry in ecosystems\n* The role of phosphorus availability in regulating plant growth and community composition\n* The responses of plants to elevated CO2 levels and warming temperatures\n* The importance of considering intraspecific trait variation when studying ecological responses to environmental changes\n\nSome of the key findings mentioned in these references include:\n\n* Nitrogen addition can lead to reduced water use efficiency in forests with low phosphorus availability (Huang et al., 2016)\n* Rising CO2 levels and warming temperatures can reduce global canopy demand for nitrogen (Dong et al., 2022)\n* Intraspecific trait variation is a key feature underlying high Arctic plant community resistance to climate warming (J\u00f3nsd\u00f3ttir et al., 2022)\n* Warming leads to more closed nitrogen cycling in nitrogen-rich tropical forests (Lie et al., 2021)\n\nThese references provide a wealth of information on the complex relationships between nutrient availability, environmental change, and ecosystem function."", ""dataset_name"": ""leafnp_data"", ""source_length"": 65008}",9,8,9,"{""completeness"": 9, ""conciseness"": 8, ""readability"": 9}",2025-12-02 20:11:45,"This repository contains the leaf Nmass, Pmass, and N:P data (data/leafnp_tian_et_al.csv), based on Tian et al. (2019), complemented by environmental covariates. The code for complementing the original data by Tian et al. (2019) is contained in this repository and is used for the analysis and modelling for the article Tian et al. (in prep.). Code for the data analysis and modelling is contained in a separate repository leafnp.",0.2159090909090909,0.0114942528735632,0.1590909090909091,0.0588074326515197,-0.0345169752836227,0.0141273513436317,0.13309660494327546,0.0,0.32167306542396545,0.2,0.3333333333333333,0.0,0.0,1.0,0.0,0.6,0.0,0.0,-0.0345169752836227,0.7,40
Vanilla_AutoDDG-201147,Summary-level data from meta-analysis of fat distribution phenotypes in UK Biobank and GIANT,,Vanilla_AutoDDG,"This dataset contains genetic variant or SNP (Single Nucleotide Polymorphism) data with corresponding information. The dataset includes columns such as CHR (chromosome), POS (position), SNP (single nucleotide polymorphism), Tested_Allele and Other_Allele, which represent the genetic entities involved in each variant. Additionally, it includes Freq_Tested_Allele, BETA, SE, P, N, and INFO, which provide frequency, effect size, standard error, p-value, sample size, and information about each variant. The dataset can be used for various applications in human genetics research, such as identifying genetic associations with diseases or traits, understanding the functional impact of genetic variants, and exploring population genetics patterns.",,9,8,9,"{""completeness"": 9, ""conciseness"": 8, ""readability"": 9}",2025-12-02 20:11:47,"CHR: Chromosome; POS: Chromosomal position of the SNP, build hg19; SNP: the dbSNP151 identifier of the SNP, followed by the first allele and second allele of the SNP, delimited with a colon. A small number of SNPs (<9,000) from the GIANT data had no dbSNP151 identifier, and are left as just an rsID. Note that these SNPs are also missing chromosome and position information (not provided in the GIANT data). Tested_Allele: the allele for which all association statistics are reported; Other_Allele: the other allele at the SNP; Freq_Tested_Allele: frequency of the tested allele; BETA: the effect size of the tested allele; SE: the standard error of the beta; P: the p-value of the SNP, as reported from the inverse variance-weighted fixed effects meta-analysis; N: the total sample size for this SNP; INFO: the imputation quality (info score) of the SNP, as reported by UK Biobank. A number between 0 and 1 indicating quality of imputation (0, poor quality; 1, high quality or genotyped). Note that the summary-level GIANT data does not report info score, so SNPs appearing only in the GIANT analysis do not have info scores.",0.3344481605351171,0.0808080808080808,0.1806020066889632,0.2145300656557083,0.0367947965860366,0.122625857591629,0.31912366519956026,0.0,0.4786601662635803,0.25,0.6666666666666666,1.0,0.0,1.0,1.0,0.75,0.014705882352941124,0.0,0.0367947965860366,0.7,40
Augmented_AutoDDG-201153,Summary-level data from meta-analysis of fat distribution phenotypes in UK Biobank and GIANT,V1_Revised,Augmented_AutoDDG,"This dataset contains genetic variant information with corresponding details for each Single Nucleotide Polymorphism (SNP). The data includes chromosome (CHR), position (POS), SNP identifier, tested allele, other allele, frequency of the tested allele, beta value, standard error, p-value, sample size (N), and additional information. The dataset is primarily composed of integers and floats, with some text fields representing genetic entities and measurements. This dataset can be used for various applications in human genetics research, such as identifying associations between SNPs and traits or diseases.","{""summary"": ""The text appears to be a scientific manuscript detailing a study on the relationship between obesity and adiposity with various blood traits. The authors used publicly available data sets to conduct their analysis.\n\nHere are some key points from the manuscript:\n\n**Study Design**\n\n* The study was designed to investigate the relationship between obesity and adiposity with various blood traits.\n* The authors used publicly available data sets, including those from the UK Biobank (UKBB) and the Genetic Analysis of Phenotypes (GAP) project.\n\n**Methods**\n\n* The authors conducted a conditional GWAS analysis using the mtCOJO method to adjust for BMI and WHR.\n* They also performed mediation analysis to estimate the direct and indirect effects of obesity and adiposity on blood traits.\n* Gene-level analyses were conducted using FUMA, which uses MAGMA for gene identification.\n\n**Results**\n\n* The study found that adjusting for BMI and WHR significantly changed the results of the GWAS analysis, with many regions becoming nullified or novel.\n* Mediation analysis revealed that obesity and adiposity had significant direct and indirect effects on blood traits.\n* Gene ontology analyses identified several biological processes that were enriched in genes associated with blood traits.\n\n**Conclusion**\n\n* The study highlights the importance of adjusting for BMI and WHR when conducting GWAS analyses, as it can significantly impact the results.\n* The findings suggest that obesity and adiposity have complex relationships with various blood traits, and further research is needed to fully understand these relationships.\n\nThe manuscript includes several supplementary files, including tables 1-24, which provide additional details on the study design, methods, and results."", ""dataset_name"": ""Summary-level data from meta-analysis of fat distribution phenotypes in UK Biobank and GIANT"", ""source_length"": 35518}",8,9,9,"{""completeness"": 8, ""conciseness"": 9, ""readability"": 9}",2025-12-02 20:11:53,"CHR: Chromosome; POS: Chromosomal position of the SNP, build hg19; SNP: the dbSNP151 identifier of the SNP, followed by the first allele and second allele of the SNP, delimited with a colon. A small number of SNPs (<9,000) from the GIANT data had no dbSNP151 identifier, and are left as just an rsID. Note that these SNPs are also missing chromosome and position information (not provided in the GIANT data). Tested_Allele: the allele for which all association statistics are reported; Other_Allele: the other allele at the SNP; Freq_Tested_Allele: frequency of the tested allele; BETA: the effect size of the tested allele; SE: the standard error of the beta; P: the p-value of the SNP, as reported from the inverse variance-weighted fixed effects meta-analysis; N: the total sample size for this SNP; INFO: the imputation quality (info score) of the SNP, as reported by UK Biobank. A number between 0 and 1 indicating quality of imputation (0, poor quality; 1, high quality or genotyped). Note that the summary-level GIANT data does not report info score, so SNPs appearing only in the GIANT analysis do not have info scores.",0.3131672597864768,0.086021505376344,0.199288256227758,0.1839686632156372,0.0243396442383527,0.1023763194680213,0.22861792884767054,0.0,0.426761656999588,0.325,0.6666666666666666,1.0,0.0,1.0,0.0,0.75,0.0,0.0,0.0243396442383527,0.7,40
Augmented_AutoDDG-201159,Summary-level data from meta-analysis of fat distribution phenotypes in UK Biobank and GIANT,V2_Hybrid,Augmented_AutoDDG,"This dataset contains genetic variant information with corresponding details for each Single Nucleotide Polymorphism (SNP). The data includes chromosome (CHR) and position (POS) information, as well as the SNP itself, tested allele, other allele, frequency of the tested allele, beta value, standard error, p-value, sample size (N), and an INFO field. The dataset is suitable for genetic research, particularly in understanding the relationship between obesity, adiposity, and blood traits. It can be used to analyze the association between genetic variants and various health outcomes, as well as to identify potential biological mechanisms underlying these relationships.","{""summary"": ""This is a research article in the field of genetics and genomics, specifically focusing on the relationship between obesity, adiposity (body fat), and blood traits. The authors used publicly available data sets to conduct their analysis.\n\nHere's a summary of the main points:\n\n**Background**: Obesity and adiposity are associated with various health problems, including cardiovascular disease and diabetes. Blood traits, such as hemoglobin levels, can also be influenced by these conditions.\n\n**Methods**: The authors used a combination of statistical methods, including inverse variance weighted (IVW) meta-analysis, to analyze the relationship between obesity/adiposity and blood traits in a large cohort of individuals.\n\n**Key findings**:\n\n1. **Obesity and adiposity are associated with changes in multiple blood traits**, including hemoglobin levels, red blood cell count, and white blood cell count.\n2. **The association between obesity/adiposity and blood traits is mediated by inflammation and insulin resistance**.\n3. **Adjusting for body mass index (BMI) and waist circumference attenuates the associations between obesity/adiposity and blood traits**, suggesting that these measures of adiposity are important confounders in this relationship.\n\n**Gene-level analyses**: The authors used a gene ontology analysis to identify biological processes associated with the identified genes. They found significant enrichment for pathways related to inflammation, insulin signaling, and lipid metabolism.\n\n**Conclusion**: This study highlights the complex relationships between obesity/adiposity and blood traits, and suggests that these associations are mediated by underlying biological mechanisms such as inflammation and insulin resistance.\n\nSome of the key terms used in this article include:\n\n* **Inverse variance weighted (IVW) meta-analysis**: a statistical method for combining data from multiple studies to estimate the effect size of an exposure on an outcome.\n* **Meta-analysis**: a statistical method for combining data from multiple studies to estimate the overall effect size of an exposure on an outcome.\n* **Gene ontology analysis**: a statistical method for identifying biological processes associated with a set of genes.\n* **Inflammation**: a physiological response to tissue damage or infection, characterized by the release of pro-inflammatory cytokines and other signaling molecules.\n* **Insulin resistance**: a condition in which the body's cells become less responsive to insulin, leading to impaired glucose uptake and increased blood sugar levels.\n\nOverall, this study provides new insights into the relationships between obesity/adiposity and blood traits, and highlights the importance of considering underlying biological mechanisms when interpreting these associations."", ""dataset_name"": ""Summary-level data from meta-analysis of fat distribution phenotypes in UK Biobank and GIANT"", ""source_length"": 35518}",9,8,9,"{""completeness"": 9, ""conciseness"": 8, ""readability"": 9}",2025-12-02 20:11:59,"CHR: Chromosome; POS: Chromosomal position of the SNP, build hg19; SNP: the dbSNP151 identifier of the SNP, followed by the first allele and second allele of the SNP, delimited with a colon. A small number of SNPs (<9,000) from the GIANT data had no dbSNP151 identifier, and are left as just an rsID. Note that these SNPs are also missing chromosome and position information (not provided in the GIANT data). Tested_Allele: the allele for which all association statistics are reported; Other_Allele: the other allele at the SNP; Freq_Tested_Allele: frequency of the tested allele; BETA: the effect size of the tested allele; SE: the standard error of the beta; P: the p-value of the SNP, as reported from the inverse variance-weighted fixed effects meta-analysis; N: the total sample size for this SNP; INFO: the imputation quality (info score) of the SNP, as reported by UK Biobank. A number between 0 and 1 indicating quality of imputation (0, poor quality; 1, high quality or genotyped). Note that the summary-level GIANT data does not report info score, so SNPs appearing only in the GIANT analysis do not have info scores.",0.3287671232876712,0.096551724137931,0.2123287671232876,0.1758671998977661,0.0256473235785961,0.0995959267020225,0.2251294647157192,0.0,0.42150893807411194,0.3,0.6666666666666666,1.0,0.0,1.0,0.0,0.75,0.0,0.0,0.0256473235785961,0.7,40
Vanilla_AutoDDG-201202,Coronavirus disease (COVID-19) case data - South Africa,,Vanilla_AutoDDG,"This dataset contains COVID-19 case metrics for South Africa, with each row representing a specific date. The data includes various metrics such as confirmed cases, deaths, and other related statistics. There are 864 unique dates in the dataset, with coverage spanning from April 2020 to June 2022. The dataset has a total of 13 columns, including EC (confirmed cases), FS (financial data), GP (general population), KZN (KwaZulu-Natal province), LP (lab-processed tests), MP (measurement data), NC (national data), NW (North West province), WC (Western Cape province), UNKNOWN (unknown or missing values), total (total cases), and source (data source). The dataset can be used to analyze the spread of COVID-19 in South Africa, track trends and patterns, and inform public health policies.",,8,6,9,"{""completeness"": 8, ""conciseness"": 6, ""readability"": 9}",2025-12-02 20:12:02,"COVID-19 Data for South Africa created, maintained, and hosted by the DSFSI research group at the University of Pretoria; Disclaimer: We work to keep the data as accurate as possible, collating COVID-19 reporting data from NICD and the South Africa DoH and updating only after official reports or statements; other data is kept as accurate as possible, and errors can be reported to us.",0.3157894736842105,0.0744680851063829,0.1789473684210526,0.0024322138633579,0.133917286992073,0.0681153163313865,0.6640561846711418,1.0,0.728419840335846,0.18181818181818182,1.0,1.0,1.0,1.0,1.0,1.0,0.0,0.8,0.133917286992073,0.7,40
Augmented_AutoDDG-201210,Coronavirus disease (COVID-19) case data - South Africa,V1_Revised,Augmented_AutoDDG,"This dataset contains COVID-19 case data for South Africa, with each row representing a specific date and including various metrics such as confirmed cases, deaths, etc. The data spans from 2020 to 2022, covering the pandemic's progression in the country. The dataset includes information on different provinces, including EC, FS, GP, KZN, LP, MP, NC, NW, WC, and UNKNOWN, which represents unclassified or missing data. The data is sourced from various locations, with gis_nicd_scraper being a prominent source. This dataset can be used to analyze the pandemic's dynamics in South Africa, track the spread of COVID-19, and inform public health policies.  The dataset has 864 unique dates and includes information on confirmed cases (EC), fatalities (FS), hospitalizations (GP), KZN, LP, MP, NC, NW, WC, and total cases (total). The data is primarily numerical, with some text fields representing the source of the data. The semantic profile indicates that the dataset contains temporal and spatial data, making it suitable for geographic information systems (GIS) analysis.  The research article on which this dataset is based provides valuable insights into the dynamics of COVID-19 in South Africa. The study found that all three major SARS-CoV-2 variants had some level of immune erosion potential, with Omicron (BA.1) being significantly more transmissible than Beta and Delta. Despite high prior immunity, new outbreaks can still occur due to the emergence or introduction of new variants. This dataset can be used to validate these findings and inform public health actions in South Africa and beyond.  This dataset is particularly useful for researchers and policymakers interested in understanding the pandemic's progression in South Africa, identifying trends and patterns, and developing effective strategies to combat COVID-19. The data can also be used to compare the effectiveness of different public health measures and interventions across provinces and time periods.","{""summary"": ""This is a research article on the COVID-19 pandemic in South Africa, specifically focusing on the dynamics of three major SARS-CoV-2 variants: Beta, Delta, and Omicron (BA.1). The authors used a comprehensive model-inference system to reconstruct the pandemic dynamics in each of the nine provinces of South Africa.\n\nThe article presents several key findings:\n\n1. **Immune erosion potential**: The study found that all three variants had some level of immune erosion potential, meaning they could infect individuals who had previously been infected with other variants.\n2. **Transmissibility**: The authors estimated the transmissibility of each variant and found that Omicron (BA.1) was significantly more transmissible than Beta and Delta.\n3. **New outbreaks despite high prior immunity**: The study showed that even with high levels of prior immunity, new outbreaks can still occur due to the emergence or introduction of new variants.\n4. **Importance of continued preparedness**: The authors emphasized the importance of continued public health actions and preparedness as societies learn to live with SARS-CoV-2.\n\nThe article also discusses the limitations of their study, including uncertainties in the data and model assumptions. However, they validated their estimates using multiple datasets and retrospective prediction, which suggests that their findings are robust.\n\nSome key takeaways from the article include:\n\n* High prior immunity does not preclude new outbreaks.\n* Large numbers of hospitalizations and deaths can still occur in later waves with large infection surges.\n* Multiple SARS-CoV-2 variants have emerged since pandemic inception, making it challenging to predict future viral mutation.\n* Development of a universal vaccine that can effectively block SARS-CoV-2 infection is urgently needed.\n\nOverall, the article provides valuable insights into the dynamics of COVID-19 in South Africa and highlights the importance of continued preparedness and public health actions as societies navigate the ongoing pandemic."", ""dataset_name"": ""Coronavirus disease (COVID-19) case data - South Africa"", ""source_length"": 37033}",9,8,9,"{""completeness"": 9, ""conciseness"": 8, ""readability"": 9}",2025-12-02 20:12:10,"COVID-19 Data for South Africa created, maintained, and hosted by the DSFSI research group at the University of Pretoria; Disclaimer: We work to keep the data as accurate as possible, collating COVID-19 reporting data from NICD and the South Africa DoH and updating only after official reports or statements; other data is kept as accurate as possible, and errors can be reported to us.",0.169761273209549,0.048,0.1326259946949602,-0.0474266856908798,0.1406986713409423,0.0425441600382328,0.663745794874249,1.0,0.7630444765090942,0.18181818181818182,1.0,1.0,1.0,1.0,1.0,1.0,0.0,0.8333333333333334,0.1406986713409423,0.7,40
Augmented_AutoDDG-201218,Coronavirus disease (COVID-19) case data - South Africa,V2_Hybrid,Augmented_AutoDDG,"This dataset contains COVID-19 case data for South Africa, with each row representing a specific date and including various metrics such as confirmed cases, deaths, etc. The data spans from 2020 to 2022, covering the pandemic's progression in the country. The dataset includes information on different provinces, including EC, FS, GP, KZN, LP, MP, NC, NW, WC, and UNKNOWN, which represents unallocated or missing data. The source of the data varies, with some entries attributed to government reports, academic studies, or other sources. This dataset can be used for research purposes, such as analyzing pandemic trends, understanding the impact of different variants, and informing public health policies.  The dataset's semantic profile indicates that it contains temporal data (resolution: Day) for date and YYYYMMDD columns, while EC, FS, GP, KZN, LP, MP, NC, NW, WC, and total columns represent various metrics such as confirmed cases, deaths, etc. The source column represents location and contains temporal data (resolution: Date). This dataset can be used to analyze pandemic trends, understand the impact of different variants, and inform public health policies.  The research article on COVID-19 pandemic dynamics in South Africa provides valuable insights into the dataset's usage and limitations. The study uses a comprehensive model-inference system to reconstruct pandemic dynamics in each province, highlighting the importance of continued preparedness and prompt public health actions as societies learn to live with SARS-CoV-2. The authors suggest that development of a universal vaccine is urgently needed to prevent severe disease and mitigate future outbreaks.","{""summary"": ""This is a research article on the COVID-19 pandemic in South Africa, specifically focusing on the dynamics of three major SARS-CoV-2 variants: Beta, Delta, and Omicron (BA.1). The authors use a comprehensive model-inference system to reconstruct the pandemic dynamics in each of the nine provinces of South Africa.\n\n**Key findings:**\n\n1. **Immune erosion potential:** The study estimates that Beta, Delta, and Omicron (BA.1) variants can cause significant immune erosion, meaning they can evade prior immunity from infection or vaccination.\n2. **Transmissibility:** The authors find that the transmissibility of these variants is higher than previous ones, contributing to their spread and outbreaks.\n3. **Severity:** While prior immunity may provide some protection against severe disease, large numbers of hospitalizations and deaths can still occur in later waves with high infection surges.\n\n**Methodology:**\n\nThe study uses a model-inference system that combines reported COVID-19 case and mortality data, weather data to estimate infection seasonality, mobility data to represent concurrent non-pharmaceutical interventions (NPIs), and vaccination data to account for changes in population susceptibility due to vaccination. The authors validate their estimates using three datasets not used by the model-inference system: serology, hospitalization, and excess mortality data.\n\n**Implications:**\n\n1. **Preparedness:** The study highlights the importance of continued preparedness and prompt public health actions as societies learn to live with SARS-CoV-2.\n2. **Universal vaccine:** The authors suggest that development of a universal vaccine that can effectively block SARS-CoV-2 infection in addition to preventing severe disease is urgently needed.\n\n**Future directions:**\n\n1. **Predicting future viral mutations:** The study acknowledges the challenges of predicting the frequency and direction of future viral mutation, including changes in transmissibility and immune erosion.\n2. **Developing a universal vaccine:** The authors emphasize the need for a universal vaccine that can protect against multiple variants and prevent severe disease.\n\nOverall, this study provides valuable insights into the dynamics of SARS-CoV-2 variants in South Africa and highlights the importance of continued preparedness and research to mitigate the impact of future outbreaks."", ""dataset_name"": ""Coronavirus disease (COVID-19) case data - South Africa"", ""source_length"": 37033}",9,8,9,"{""completeness"": 9, ""conciseness"": 8, ""readability"": 9}",2025-12-02 20:12:18,"COVID-19 Data for South Africa created, maintained, and hosted by the DSFSI research group at the University of Pretoria; Disclaimer: We work to keep the data as accurate as possible, collating COVID-19 reporting data from NICD and the South Africa DoH and updating only after official reports or statements; other data is kept as accurate as possible, and errors can be reported to us.",0.2298136645962733,0.0499999999999999,0.1366459627329192,-0.0546306706964969,0.1745213270187378,0.0521148331463336,0.6825100401321638,1.0,0.7584279179573059,0.24242424242424243,1.0,1.0,1.0,1.0,1.0,1.0,0.02515723270440251,0.75,0.1745213270187378,0.7,40
Vanilla_AutoDDG-201220,European database of processing factors for pesticides residues in food,,Vanilla_AutoDDG,"This dataset contains information on pesticide residues found in various food products. It includes data on substances, chemicals, codes, products, commodities, and more. The dataset has 299 unique values for the ""ParamCode Active Substance"" field and 300 unique values for the ""Active Substance"" field. The semantic profile indicates that the dataset represents a wide range of concepts, including substances, chemicals, products, and temporal entities. This dataset can be used to analyze pesticide residues in food products, identify trends and patterns, and inform regulatory decisions related to food safety and pesticides.",,8,9,9,"{""completeness"": 8, ""conciseness"": 9, ""readability"": 9}",2025-12-02 20:12:20,"EFSA is regularly evaluating pesticide occurrence data in food generated under the official monitoring programs of Member States with respect to consumer exposure and risk assessment; most of these data refer to raw commodities (RAC) because maximum residue levels established under European legislation reflect pesticide residues only in the RAC; however, food processing operations can have decisive effects on pesticide residue levels and therefore consumer exposure, and this database has been developed to compile validated processing factors for pesticide residues in food in line with the EFSA food classification and description system (FoodEx2).",0.3060109289617486,0.0552486187845303,0.1748633879781421,0.1312989443540573,0.1158393397927284,0.1270429193973541,0.6456678679585456,1.0,0.7400127649307251,0.15,1.0,1.0,1.0,1.0,1.0,1.0,0.0,1.0,0.1158393397927284,0.7,40
Augmented_AutoDDG-201228,European database of processing factors for pesticides residues in food,V1_Revised,Augmented_AutoDDG,"This dataset contains information on pesticide residues in various food products, including raw primary commodities, processed commodities, and matrix codes. The data includes study references, first entry dates, last update dates, and storage conditions for each sample. It also provides details on the analytical methods used, limits of quantification (LOQ), and processing factors (PF) for each commodity. The dataset is primarily focused on food safety and pesticide residues in processed foods, with a specific emphasis on updating the European Union's database of processing factors.  The semantic profile of this dataset reveals that it contains various types of data, including temporal entities, spatial data, and categorical information. The domain-specific type is general, indicating that the dataset covers multiple topics related to food safety and pesticide residues. The function/usage context includes classification, measurement, aggregation key, identification, and rating/score/measurement.  This dataset can be used for various purposes, such as estimating pesticide residue levels in processed foods, evaluating the effectiveness of processing factors, and informing regulatory decisions on food safety. It is particularly relevant to researchers, policymakers, and industry professionals working in the field of food safety and pesticide residues.  The research literature provides context about this dataset, indicating that it was created as part of a project aimed at updating the European Union's database of processing factors for pesticides in food. The project involved retrieving and evaluating processing studies, entering relevant data into the RUEDIS database, and calculating processing factors. The updated database now includes 2152 studies, extending from 851 to 2152.  The dataset has several limitations, including the availability of some studies and the quality control procedures used during evaluation. However, it provides valuable insights into pesticide residues in processed foods and can be used as a resource for researchers and policymakers working in this field.","{""summary"": ""This text appears to be a scientific report or a research paper related to food safety, specifically about updating the European Union's database of processing factors for pesticides in food. Here is a summary of the main points:\n\n**Background**\n\nThe EU has a database of processing factors for pesticides in food, which helps estimate the levels of pesticide residues in processed foods. The database was last updated in 2016.\n\n**Project Objectives**\n\nThe project aimed to update the EU database with new processing studies evaluated by EFSA (European Food Safety Authority) between June 2016 and December 2021. The objectives were:\n\n* Enlist all processing studies assessed by EFSA during this period\n* Integrate these studies into the BfR database (Bundesinstitut f\u00fcr Risikobewertung, Germany)\n* Update the evaluation of existing studies in the BfR database\n* Establish quality control procedures to ensure data accuracy\n* Derive processing factors for all evaluated processing trials\n\n**Methodology**\n\nThe project involved several steps:\n\n1. Retrieval of processing studies: EFSA provided a reference list of relevant publications, and BfR scrutinized these reports to identify processing information.\n2. Study evaluation: Two independent evaluation strands were used to assess each study, with quality control at different checkpoints.\n3. Data entry: Relevant study data was entered into the RUEDIS database, which automatically calculated processing factors.\n\n**Results**\n\n* 922 processing studies were identified from EFSA Conclusions and Reasoned Opinions between June 2016 and December 2021.\n* 215 studies were not available to BfR and were requested from Member States; 63 of these studies could not be included due to various reasons.\n* The EU database was extended from 851 to 2152 studies.\n\n**Conclusion**\n\nThe project successfully updated the EU database with new processing studies, which will help improve the estimation of pesticide residues in processed foods. The updated database is now available as an Excel spreadsheet and can be accessed through the EFSA website."", ""dataset_name"": ""European database of processing factors for pesticides residues in food"", ""source_length"": 39626}",9,8,9,"{""completeness"": 9, ""conciseness"": 8, ""readability"": 9}",2025-12-02 20:12:28,"EFSA is regularly evaluating pesticide occurrence data in food generated under the official monitoring programs of Member States with respect to consumer exposure and risk assessment; most of these data refer to raw commodities (RAC) because maximum residue levels established under European legislation reflect pesticide residues only in the RAC; however, food processing operations can have decisive effects on pesticide residue levels and therefore consumer exposure, and this database has been developed to compile validated processing factors for pesticide residues in food in line with the EFSA food classification and description system (FoodEx2).",0.2646310432569975,0.0562659846547314,0.1526717557251908,0.0491439700126647,0.1943999826908111,0.1208704635500907,0.6866095883748968,1.0,0.7591814398765564,0.325,1.0,1.0,1.0,1.0,1.0,1.0,0.020408163265306145,1.0,0.1943999826908111,0.7,40
Augmented_AutoDDG-201236,European database of processing factors for pesticides residues in food,V2_Hybrid,Augmented_AutoDDG,"This dataset contains information on pesticide residues in various food products, including raw primary commodities, processed commodities, and composite foods. The data includes details on processing codes, study references, first entry dates, last update dates, storage conditions, analytical methods, and limits of quantification (LOQ). The dataset is a result of a project aimed at updating the European Union's database of processing factors for pesticides in food, which involved evaluating 922 processing studies conducted between June 2016 and December 2021. The data can be used to assess the safety of food products and inform regulatory decisions on pesticide residues.","{""summary"": ""This text appears to be a scientific report detailing a project aimed at updating the European Union's database of processing factors for pesticides in food. Here is a summary of the main points:\n\n**Project Background**\n\nThe project aims to update the EU database of processing factors with all processing studies formerly included in the BfR data collection on processing factors and any additional processing study evaluated by EFSA after June 2016.\n\n**Objectives**\n\nThe main objectives of the project are:\n\n1. To enlist all processing studies assessed by EFSA between June 2016 and December 2021.\n2. To integrate these studies in the BfR database RUEDIS if they meet the requirements for RUEDIS.\n3. To update the evaluation of all processing studies already available to BfR but not yet included in the European database.\n4. To establish quality control procedures to ensure the accuracy of data entries.\n5. To evaluate all processing studies in accordance with the compendium of representative processing techniques and the criteria used for the development of the first European database of processing factors for pesticides in food.\n\n**Methodology**\n\nThe project involved several steps:\n\n1. Preparation of an inventory of additional studies by 31 December 2020.\n2. Continuous update of this inventory during the whole project until 31 December 2021.\n3. Evaluation of all studies listed in Deliverable 1 and re-evaluation of all studies included in the BfR database.\n4. Evaluation of the studies additionally provided to BfR during the project and finalization of the project by 30 April 2022.\n\n**Data and Methodology**\n\nThe project comprises all processing studies currently included in the BfR data collection on processing factors and any additional processing study that was evaluated by EFSA between June 2016 and December 2021. The following chapters provide an overview of relevant data:\n\n1. Method for retrieval of processing studies.\n2. Processing studies evaluated in the project.\n3. Study evaluation and integrated quality control procedures.\n\n**Key Findings**\n\nThe main findings of the project are:\n\n1. A total of 922 processing studies have been identified from EFSA Conclusions and EFSA Reasoned Opinions in the intended time frame.\n2. Some of the studies have already been reported in the previous version of the EU database.\n3. 215 of the identified studies were not available to BfR and were requested from the respective Member States in the course of the project.\n4. The EU database was considerably extended during the project from 851 to a total of 2152 studies.\n\nOverall, this report provides an overview of the methodology and key findings of a project aimed at updating the European Union's database of processing factors for pesticides in food."", ""dataset_name"": ""European database of processing factors for pesticides residues in food"", ""source_length"": 39626}",9,8,9,"{""completeness"": 9, ""conciseness"": 8, ""readability"": 9}",2025-12-02 20:12:36,"EFSA is regularly evaluating pesticide occurrence data in food generated under the official monitoring programs of Member States with respect to consumer exposure and risk assessment; most of these data refer to raw commodities (RAC) because maximum residue levels established under European legislation reflect pesticide residues only in the RAC; however, food processing operations can have decisive effects on pesticide residue levels and therefore consumer exposure, and this database has been developed to compile validated processing factors for pesticide residues in food in line with the EFSA food classification and description system (FoodEx2).",0.40625,0.0842105263157894,0.1875,0.2278665900230407,0.2200388014316558,0.227059781551361,0.6481744269529978,1.0,0.7774666547775269,0.25,1.0,1.0,1.0,1.0,1.0,0.6666666666666666,0.0,1.0,0.2200388014316558,0.7,40
Vanilla_AutoDDG-201238,The Global Carbon Project's fossil CO2 emissions dataset,,Vanilla_AutoDDG,"This dataset contains carbon emissions data from various countries around the world. The data includes measurements of total emissions, coal emissions, oil emissions, gas emissions, cement emissions, flaring emissions, and other emissions, as well as per capita emissions. The data spans multiple years, with a focus on temporal trends in carbon emissions. The dataset is primarily composed of numerical values, with some categorical variables such as country names and ISO codes. It can be used for research purposes related to climate change, energy policy, and sustainable development.  Note: I have rewritten the description to make it more readable and concise, while still conveying the essential information about the dataset.",,9,9,10,"{""completeness"": 9, ""conciseness"": 9, ""readability"": 10}",2025-12-02 20:12:38,The Global Carbon Project (GCP) has published global and national fossil CO₂ emissions estimates since 2001—evolving from simple republications to refined methodologies—providing the 2021 fossil CO₂ dataset in absolute and per-capita forms with JSON metadata and a developing file documenting the source of each data point.,0.240506329113924,0.0128205128205128,0.1392405063291139,0.1255073100328445,0.1342099010944366,0.1333375424146652,0.2705919802188873,0.0,0.6681041717529297,0.125,0.3333333333333333,0.0,0.0,1.0,1.0,0.75,0.0,0.0,0.1342099010944366,0.7,40
Augmented_AutoDDG-201246,The Global Carbon Project's fossil CO2 emissions dataset,V1_Revised,Augmented_AutoDDG,"This dataset contains carbon emissions data for various countries around the world. The data includes measurements of total emissions, coal, oil, gas, cement, flaring, and other emissions, as well as per capita emissions. The dataset spans multiple years, with some countries having data from as early as 1750 to as late as 2020. The data is represented in a tabular format, making it easy to analyze and visualize. This dataset can be used for research on carbon emissions, climate change, and sustainable development goals.  The semantic profile of the dataset indicates that the ""Country"" column represents location with spatial data at the country level, while the ""Year"" column contains temporal data at the yearly resolution. The ""Total"", ""Coal"", ""Gas"", and ""Cement"" columns represent measurements, while the ""Flaring"" and ""Other"" columns are used as aggregation keys.  This dataset can be used to analyze trends in carbon emissions over time, identify countries with high or low emissions, and explore the relationship between economic growth and environmental degradation. The research literature suggests that decoupling economic growth from environmental degradation is not possible, and a more radical approach is needed to mitigate climate change. This dataset can be used to support post-growth scenarios and policy implications such as reducing economic growth rates, transitioning to renewable energy sources, implementing carbon pricing mechanisms, and reducing consumption levels.","{""summary"": ""This is a lengthy article on the topic of \""green growth\"" and its limitations in addressing climate change. The authors argue that the idea of decoupling economic growth from environmental degradation is not feasible and that a more radical approach is needed to mitigate climate change.\n\nHere are some key points from the article:\n\n1. **Decoupling is not possible**: The authors argue that it is not possible to continue growing the economy while reducing greenhouse gas emissions. They point out that many studies have shown that economic growth is closely linked to energy consumption and resource use, which in turn drive emissions.\n2. **Green growth is a myth**: The article argues that the idea of green growth is a myth perpetuated by policymakers and corporations who want to continue growing the economy without addressing its environmental impacts.\n3. **Climate change requires radical action**: The authors argue that climate change requires radical action, including reducing consumption and production levels, transitioning to renewable energy sources, and implementing policies to reduce emissions.\n4. **Post-growth scenarios are needed**: The article argues that post-growth scenarios, which involve reducing economic growth and consumption, are necessary to mitigate climate change.\n\nSome of the key references cited in the article include:\n\n* A study by Key\u00dfer et al. (2021) which found that degrowth scenarios are necessary to limit warming to 1.5\u00b0C.\n* A review of decoupling studies by Haberl et al. (2020) which concluded that decoupling is not possible.\n* A study by Fuss et al. (2018) which found that negative emissions technologies, such as carbon capture and storage, are unlikely to be cost-effective.\n\nOverall, the article argues that a more radical approach is needed to address climate change, including reducing consumption and production levels, transitioning to renewable energy sources, and implementing policies to reduce emissions.\n\nSome of the key policy implications of this research include:\n\n* **Reducing economic growth**: Policymakers should aim to reduce economic growth rates in order to reduce emissions.\n* **Transitioning to renewable energy**: Governments should invest in renewable energy sources and phase out fossil fuels.\n* **Implementing carbon pricing**: Carbon pricing mechanisms, such as carbon taxes or cap-and-trade systems, can help reduce emissions.\n* **Reducing consumption**: Individuals and governments should aim to reduce consumption levels, particularly of resource-intensive goods.\n\nOverall, the article argues that a more radical approach is needed to address climate change, including reducing economic growth and consumption levels, transitioning to renewable energy sources, and implementing policies to reduce emissions."", ""dataset_name"": ""The Global Carbon Project's fossil CO2 emissions dataset"", ""source_length"": 56520}",9,8,9,"{""completeness"": 9, ""conciseness"": 8, ""readability"": 9}",2025-12-02 20:12:46,The Global Carbon Project (GCP) has published global and national fossil CO₂ emissions estimates since 2001—evolving from simple republications to refined methodologies—providing the 2021 fossil CO₂ dataset in absolute and per-capita forms with JSON metadata and a developing file documenting the source of each data point.,0.1476014760147601,0.0148698884758364,0.095940959409594,-0.0237729679793119,0.1232848167419433,0.0487409532070159,0.24340696334838868,0.0,0.6742112040519714,0.125,0.3333333333333333,0.0,0.0,1.0,1.0,1.0,0.0,1.0,0.1232848167419433,0.7,40
Augmented_AutoDDG-201254,The Global Carbon Project's fossil CO2 emissions dataset,V2_Hybrid,Augmented_AutoDDG,"This dataset contains carbon emissions data for various countries around the world, covering different types of energy sources such as coal, oil, gas, cement, and others. The data spans from 1750 to 2020, with a focus on total emissions, per capita emissions, and other relevant metrics. The dataset is suitable for researchers and policymakers interested in understanding carbon emissions patterns and trends globally. It can be used to analyze the effectiveness of green growth policies, explore post-growth scenarios, and identify areas for improvement in reducing greenhouse gas emissions.","{""summary"": ""This is a lengthy article on the topic of \""green growth\"" and its limitations in addressing climate change. Here's a summary of the main points:\n\n**The problem with green growth:**\n\n* The idea of green growth assumes that economic growth can be decoupled from environmental degradation, but evidence suggests this is not possible.\n* Studies have shown that GDP growth is often accompanied by increased resource use and greenhouse gas emissions.\n\n**Limitations of green growth:**\n\n* Decoupling GDP growth from environmental impact is not feasible in the long term (Haberl et al., 2020).\n* Even if decoupling were possible, it would require significant technological advancements and infrastructure changes that are unlikely to occur quickly enough to address climate change.\n* Green growth policies often rely on unproven technologies, such as carbon capture and storage, which may not be effective or scalable.\n\n**The need for post-growth scenarios:**\n\n* The authors argue that a new approach is needed to address climate change, one that prioritizes reducing consumption and resource use over economic growth.\n* Post-growth scenarios aim to reduce greenhouse gas emissions by reducing energy consumption, increasing efficiency, and transitioning to renewable energy sources.\n* Examples of post-growth scenarios include degrowth, steady-state economy, and circular economy.\n\n**Key findings:**\n\n* A study by Key\u00dfer and Lenzen (2021) found that 1.5\u00b0C degrowth scenarios suggest the need for new mitigation pathways.\n* Another study by Hickel et al. (2021) found that urgent need for post-growth climate mitigation scenarios.\n* The authors argue that a societal transformation scenario is needed to stay below 1.5\u00b0C, which involves reducing energy consumption, increasing efficiency, and transitioning to renewable energy sources.\n\n**Conclusion:**\n\n* Green growth policies are unlikely to be effective in addressing climate change due to the limitations of decoupling GDP growth from environmental impact.\n* Post-growth scenarios offer a new approach to addressing climate change by prioritizing reducing consumption and resource use over economic growth.\n* A societal transformation scenario is needed to stay below 1.5\u00b0C, which involves significant changes to our energy system, economy, and society.\n\nReferences:\n\nHaberl et al. (2020) - A systematic review of the evidence on decoupling of GDP, resource use, and GHG emissions, part II: synthesizing the insights.\nKey\u00dfer and Lenzen (2021) - 1.5\u00b0C degrowth scenarios suggest the need for new mitigation pathways.\nHickel et al. (2021) - Urgent need for post-growth climate mitigation scenarios.\n\nNote that this is a summary of the main points, and there are many more references and studies mentioned in the article that support these conclusions."", ""dataset_name"": ""The Global Carbon Project's fossil CO2 emissions dataset"", ""source_length"": 56520}",9,8,9,"{""completeness"": 9, ""conciseness"": 8, ""readability"": 9}",2025-12-02 20:12:54,The Global Carbon Project (GCP) has published global and national fossil CO₂ emissions estimates since 2001—evolving from simple republications to refined methodologies—providing the 2021 fossil CO₂ dataset in absolute and per-capita forms with JSON metadata and a developing file documenting the source of each data point.,0.289855072463768,0.0147058823529411,0.144927536231884,0.176713228225708,0.1763437688350677,0.1798370331525802,0.25401875376701355,0.0,0.6469478607177734,0.125,0.3333333333333333,0.0,0.0,1.0,1.0,1.0,0.0,1.0,0.1763437688350677,0.7,40
